support	prob
student	0.07060633
book	0.00800476
