support	prob
book	0.005244758
student	0.032899216
